<?xml version="1.0" encoding="UTF-8" standalone="yes"?>
<resourceDescriptor critical="false" date="23-01-13" description="Architecture Decision Graph Plugin" group="SEAKLAB Resource" homePage="" id="74908" mdVersionMax="higher" mdVersionMin="17.0" name="adg-distribution" product="adgdistribution" restartMagicdraw="true" type="Plugin">
    <version human="1.0" internal="100010" resource="1000100"/>
    <provider email="" homePage="" name="SEAKLAB"/>
    <edition>Reader</edition>
    <edition>Community</edition>
    <edition>Standard</edition>
    <edition>Professional Java</edition>
    <edition>Professional C++</edition>
    <edition>Professional C#</edition>
    <edition>Professional</edition>
    <edition>Architect</edition>
    <edition>Enterprise</edition>
    <installation>
        <file from="plugins/adg/checker-qual-3.5.0.jar" to="plugins/adg/checker-qual-3.5.0.jar"/>
        <file from="plugins/adg/classgraph-4.8.60.jar" to="plugins/adg/classgraph-4.8.60.jar"/>
        <file from="plugins/adg/commons-math3-3.6.1.jar" to="plugins/adg/commons-math3-3.6.1.jar"/>
        <file from="plugins/adg/data/test_wines.csv" to="plugins/adg/data/test_wines.csv"/>
        <file from="plugins/adg/data/tornado_data.csv" to="plugins/adg/data/tornado_data.csv"/>
        <file from="plugins/adg/decision-graph-old.jar" to="plugins/adg/decision-graph-old.jar"/>
        <file from="plugins/adg/decision-graph.jar" to="plugins/adg/decision-graph.jar"/>
        <file from="plugins/adg/decisions.jar" to="plugins/adg/decisions.jar"/>
        <file from="plugins/adg/decisions_evaluator.jar" to="plugins/adg/decisions_evaluator.jar"/>
        <file from="plugins/adg/error_prone_annotations-2.3.4.jar" to="plugins/adg/error_prone_annotations-2.3.4.jar"/>
        <file from="plugins/adg/failureaccess-1.0.1.jar" to="plugins/adg/failureaccess-1.0.1.jar"/>
        <file from="plugins/adg/fastutil-8.3.0.jar" to="plugins/adg/fastutil-8.3.0.jar"/>
        <file from="plugins/adg/figures/fig.html" to="plugins/adg/figures/fig.html"/>
        <file from="plugins/adg/formulations/EOSS/graph.json" to="plugins/adg/formulations/EOSS/graph.json"/>
        <file from="plugins/adg/formulations/EOSS/graph_1.json" to="plugins/adg/formulations/EOSS/graph_1.json"/>
        <file from="plugins/adg/formulations/EOSS/problems/base.json" to="plugins/adg/formulations/EOSS/problems/base.json"/>
        <file from="plugins/adg/formulations/GNC/graph.json" to="plugins/adg/formulations/GNC/graph.json"/>
        <file from="plugins/adg/formulations/GNC/graph_1.json" to="plugins/adg/formulations/GNC/graph_1.json"/>
        <file from="plugins/adg/formulations/GNC/graph_2.json" to="plugins/adg/formulations/GNC/graph_2.json"/>
        <file from="plugins/adg/formulations/GNC/graph_3.json" to="plugins/adg/formulations/GNC/graph_3.json"/>
        <file from="plugins/adg/formulations/GNC/problems/base.json" to="plugins/adg/formulations/GNC/problems/base.json"/>
        <file from="plugins/adg/formulations/TDRS/graph.json" to="plugins/adg/formulations/TDRS/graph.json"/>
        <file from="plugins/adg/formulations/TDRS/graph_1.json" to="plugins/adg/formulations/TDRS/graph_1.json"/>
        <file from="plugins/adg/formulations/TDRS/problems/base.json" to="plugins/adg/formulations/TDRS/problems/base.json"/>
        <file from="plugins/adg/gson-2.8.6.jar" to="plugins/adg/gson-2.8.6.jar"/>
        <file from="plugins/adg/guava-30.0-jre.jar" to="plugins/adg/guava-30.0-jre.jar"/>
        <file from="plugins/adg/icons/addicon1.svg" to="plugins/adg/icons/addicon1.svg"/>
        <file from="plugins/adg/icons/addicon_gql.svg" to="plugins/adg/icons/addicon_gql.svg"/>
        <file from="plugins/adg/icons/entity.gif" to="plugins/adg/icons/entity.gif"/>
        <file from="plugins/adg/icons/myclass.svg" to="plugins/adg/icons/myclass.svg"/>
        <file from="plugins/adg/icons/specificdiagram.svg" to="plugins/adg/icons/specificdiagram.svg"/>
        <file from="plugins/adg/icu4j-65.1.jar" to="plugins/adg/icu4j-65.1.jar"/>
        <file from="plugins/adg/j2objc-annotations-1.3.jar" to="plugins/adg/j2objc-annotations-1.3.jar"/>
        <file from="plugins/adg/jackson-annotations-2.13.2.jar" to="plugins/adg/jackson-annotations-2.13.2.jar"/>
        <file from="plugins/adg/jackson-core-2.13.2.jar" to="plugins/adg/jackson-core-2.13.2.jar"/>
        <file from="plugins/adg/jackson-databind-2.13.2.1.jar" to="plugins/adg/jackson-databind-2.13.2.1.jar"/>
        <file from="plugins/adg/jsr305-3.0.2.jar" to="plugins/adg/jsr305-3.0.2.jar"/>
        <file from="plugins/adg/lib.jar" to="plugins/adg/lib.jar"/>
        <file from="plugins/adg/listenablefuture-9999.0-empty-to-avoid-conflict-with-guava.jar" to="plugins/adg/listenablefuture-9999.0-empty-to-avoid-conflict-with-guava.jar"/>
        <file from="plugins/adg/models/smap_1_decisions_2022-12-05-03-14-03_.dat" to="plugins/adg/models/smap_1_decisions_2022-12-05-03-14-03_.dat"/>
        <file from="plugins/adg/models/smap_2_decisions_2022-12-05-02-56-11_.dat" to="plugins/adg/models/smap_2_decisions_2022-12-05-02-56-11_.dat"/>
        <file from="plugins/adg/models/smap_3_decisions_12_4_22_507.dat" to="plugins/adg/models/smap_3_decisions_12_4_22_507.dat"/>
        <file from="plugins/adg/moeaframework-2.12.jar" to="plugins/adg/moeaframework-2.12.jar"/>
        <file from="plugins/adg/neo4j-java-driver-4.1.1.jar" to="plugins/adg/neo4j-java-driver-4.1.1.jar"/>
        <file from="plugins/adg/pebble-3.1.2.jar" to="plugins/adg/pebble-3.1.2.jar"/>
        <file from="plugins/adg/plugin.xml" to="plugins/adg/plugin.xml"/>
        <file from="plugins/adg/profiles/ADGProfile.mdzip" to="plugins/adg/profiles/ADGProfile.mdzip"/>
        <file from="plugins/adg/profiles/ADM Profile.mdzip" to="plugins/adg/profiles/ADM Profile.mdzip"/>
        <file from="plugins/adg/profiles/ADM Profile.mdzip.bak" to="plugins/adg/profiles/ADM Profile.mdzip.bak"/>
        <file from="plugins/adg/reactive-streams-1.0.3.jar" to="plugins/adg/reactive-streams-1.0.3.jar"/>
        <file from="plugins/adg/RoaringBitmap-0.9.25.jar" to="plugins/adg/RoaringBitmap-0.9.25.jar"/>
        <file from="plugins/adg/shims-0.9.25.jar" to="plugins/adg/shims-0.9.25.jar"/>
        <file from="plugins/adg/slf4j-api-1.7.25.jar" to="plugins/adg/slf4j-api-1.7.25.jar"/>
        <file from="plugins/adg/tablesaw-core-0.43.1.jar" to="plugins/adg/tablesaw-core-0.43.1.jar"/>
        <file from="plugins/adg/tablesaw-jsplot-0.43.1.jar" to="plugins/adg/tablesaw-jsplot-0.43.1.jar"/>
        <file from="plugins/adg/unbescape-1.1.6.RELEASE.jar" to="plugins/adg/unbescape-1.1.6.RELEASE.jar"/>
        <file from="plugins/adg/univocity-parsers-2.8.4.jar" to="plugins/adg/univocity-parsers-2.8.4.jar"/>
        <file from="profiles/ADM Profile.mdzip" to="profiles/ADM Profile.mdzip"/>
    </installation>
</resourceDescriptor>
